Id,Host ID,Host ID Label,Dvc,TrendMicroDsTenant,TrendMicroDsTenantId,Act,filePath,suser,sproc,msg
0,685,Host ID,172.20.0.20,Primary,0,updated,ShellHWDetection,N/A,N/A,"When scanned the following changes were detected:\n\n   state changed from ""running"" to ""stopped""\n\nAfter the change the Service had the following attributes:\n\n   binaryPathName: C:\\Windows\\System32\\svchost.exe -k netsvcs\n   dependsOn: RpcSs\n   firstFailure: 60000,Restart\n   Group: NT AUTHORITY\\SYSTEM\n   logOnAs: LocalSystem\n   Owner: NT AUTHORITY\\SYSTEM\n   Permissions: D:(A;;CCLCSWRPWPDTLOCRRC;;;SY)(A;;CCDCLCSWRPWPDTLOCRSDRCWDWO;;;BA)(A;;CCLCSWLOCRRC;;;IU)(A;;CCLCSWLOCRRC;;;SU)(A;;CCDCLCSWRPWPDTLOCRSDRCWDWO;;;SO)S:(AU;FA;CCDCLCSWRPWPDTLOCRSDRCWDWO;;;WD)\n   resetFailCountAfter: 86400\n   secondFailure: 60000,Restart\n   startType: automatic\n   state: stopped\n   subsequentFailures: 0,None\n"
1,685,Host ID,172.20.0.20,Primary,0,updated,c:\\windows\\system32\\tasks\\microsoft\\windows\\softwareprotectionplatform\\svcrestarttask,NT AUTHORITY\SYSTEM NT AUTHORITY\NETWORK SERVICE,C:\\Windows\\system32\\svchost.exe,"When scanned the following changes were detected:\n\n   Last Modified changed from ""August 4, 2021 15:48:10"" to ""August 4, 2021 16:09:31""\n   SHA-1 changed from ""2E62CAB2085FEB102EC8512A0F1AC2D289C05E58"" to ""441F63A829E546DE801B025A034805134DBBB732""\n\nAfter the change the File had the following attributes:\n\n   Created: August 22, 2013 20:40:20\n   Flags: 0\n   Group: NT AUTHORITY\\SYSTEM\n   Last Modified: August 4, 2021 16:09:31\n   Owner: NT AUTHORITY\\SYSTEM\n   Permissions: D:PARAI(A;;FA;;;SY)(A;;FA;;;BA)(A;;FA;;;S-1-5-80-123231216-2592883651-3715271367-3753151631-4175906628)(A;;FR;;;S-1-5-87-2912274048-3994893941-1669128114-1310430903-1263774323)(A;;FR;;;NS)\n   SHA-1: 441F63A829E546DE801B025A034805134DBBB732\n   Size: 4680\n"
2,685,Host ID,172.20.0.20,Primary,0,updated,c:\\windows\\system32\\tasks\\optimize start menu cache files-s-1-5-21-1266428993-2899273040-1413466038-1172,NT AUTHORITY\SYSTEM gabbasi@ismailindustries.com,C:\\Windows\\system32\\svchost.exe,"When scanned the following changes were detected:\n\n   Last Modified changed from ""March 9, 2021 15:33:07"" to ""August 4, 2021 16:11:52""\n   SHA-1 changed from ""DE6575A42D88002AE3291256CDC6103D230169E7"" to ""362951E972A7F1CCD4F166842C04F11670CF7B87""\n   Size changed from ""3598"" to ""3600""\n\nAfter the change the File had the following attributes:\n\n   Created: November 5, 2019 04:48:57\n   Flags: 0\n   Group: ISMAILINDUSTRIE\\Domain Users\n   Last Modified: August 4, 2021 16:11:52\n   Owner: gabbasi@ismailindustries.com\n   Permissions: D:PARAI(A;;FA;;;BA)(A;;FA;;;SY)(A;;FA;;;S-1-5-21-1266428993-2899273040-1413466038-1172)(A;;FR;;;S-1-5-21-1266428993-2899273040-1413466038-1172)\n   SHA-1: 362951E972A7F1CCD4F166842C04F11670CF7B87\n   Size: 3600\n"
3,685,Host ID,172.20.0.20,Primary,0,updated,ShellHWDetection,N/A,N/A,"When scanned the following changes were detected:\n\n   state changed from ""stopped"" to ""running""\n\nAfter the change the Service had the following attributes:\n\n   binaryPathName: C:\\Windows\\System32\\svchost.exe -k netsvcs\n   dependsOn: RpcSs\n   firstFailure: 60000,Restart\n   Group: NT AUTHORITY\\SYSTEM\n   logOnAs: LocalSystem\n   Owner: NT AUTHORITY\\SYSTEM\n   Permissions: D:(A;;CCLCSWRPWPDTLOCRRC;;;SY)(A;;CCDCLCSWRPWPDTLOCRSDRCWDWO;;;BA)(A;;CCLCSWLOCRRC;;;IU)(A;;CCLCSWLOCRRC;;;SU)(A;;CCDCLCSWRPWPDTLOCRSDRCWDWO;;;SO)S:(AU;FA;CCDCLCSWRPWPDTLOCRSDRCWDWO;;;WD)\n   resetFailCountAfter: 86400\n   secondFailure: 60000,Restart\n   startType: automatic\n   state: running\n   subsequentFailures: 0,None\n"
4,685,Host ID,172.20.0.20,Primary,0,updated,WinHttpAutoProxySvc,N/A,N/A,"When scanned the following changes were detected:\n\n   state changed from ""running"" to ""stopped""\n\nAfter the change the Service had the following attributes:\n\n   binaryPathName: C:\\Windows\\system32\\svchost.exe -k LocalService\n   dependsOn: Dhcp\n   firstFailure: 0,Restart\n   Group: NT AUTHORITY\\SYSTEM\n   logOnAs: NT AUTHORITY\\LocalService\n   Owner: NT AUTHORITY\\SYSTEM\n   Permissions: D:(A;;CCDCLCSWRPWPDTLOCRSDRCWDWO;;;SY)(A;;CCDCLCSWRPWPDTLOCRSDRCWDWO;;;BA)(A;;CCLCSWRPLOCRRC;;;AU)(A;;CCLCSWRPLOCRRC;;;IU)(A;;CCLCSWRPLOCRRC;;;SU)(A;;LCRPLO;;;AC)S:(AU;FA;CCDCLCSWRPWPDTLOCRSDRCWDWO;;;WD)\n   resetFailCountAfter: 86400000\n   secondFailure: 0,None\n   startType: manual\n   state: stopped\n   subsequentFailures: 0,None\n"
5,685,Host ID,172.20.0.20,Primary,0,updated,WinHttpAutoProxySvc,N/A,N/A,"When scanned the following changes were detected:\n\n   state changed from ""stopped"" to ""running""\n\nAfter the change the Service had the following attributes:\n\n   binaryPathName: C:\\Windows\\system32\\svchost.exe -k LocalService\n   dependsOn: Dhcp\n   firstFailure: 0,Restart\n   Group: NT AUTHORITY\\SYSTEM\n   logOnAs: NT AUTHORITY\\LocalService\n   Owner: NT AUTHORITY\\SYSTEM\n   Permissions: D:(A;;CCDCLCSWRPWPDTLOCRSDRCWDWO;;;SY)(A;;CCDCLCSWRPWPDTLOCRSDRCWDWO;;;BA)(A;;CCLCSWRPLOCRRC;;;AU)(A;;CCLCSWRPLOCRRC;;;IU)(A;;CCLCSWRPLOCRRC;;;SU)(A;;LCRPLO;;;AC)S:(AU;FA;CCDCLCSWRPWPDTLOCRSDRCWDWO;;;WD)\n   resetFailCountAfter: 86400000\n   secondFailure: 0,None\n   startType: manual\n   state: running\n   subsequentFailures: 0,None\n"
6,685,Host ID,172.20.0.20,Primary,0,updated,WinHttpAutoProxySvc,N/A,N/A,"When scanned the following changes were detected:\n\n   state changed from ""running"" to ""stopped""\n\nAfter the change the Service had the following attributes:\n\n   binaryPathName: C:\\Windows\\system32\\svchost.exe -k LocalService\n   dependsOn: Dhcp\n   firstFailure: 0,Restart\n   Group: NT AUTHORITY\\SYSTEM\n   logOnAs: NT AUTHORITY\\LocalService\n   Owner: NT AUTHORITY\\SYSTEM\n   Permissions: D:(A;;CCDCLCSWRPWPDTLOCRSDRCWDWO;;;SY)(A;;CCDCLCSWRPWPDTLOCRSDRCWDWO;;;BA)(A;;CCLCSWRPLOCRRC;;;AU)(A;;CCLCSWRPLOCRRC;;;IU)(A;;CCLCSWRPLOCRRC;;;SU)(A;;LCRPLO;;;AC)S:(AU;FA;CCDCLCSWRPWPDTLOCRSDRCWDWO;;;WD)\n   resetFailCountAfter: 86400000\n   secondFailure: 0,None\n   startType: manual\n   state: stopped\n   subsequentFailures: 0,None\n"
7,685,Host ID,172.20.0.20,Primary,0,updated,WinHttpAutoProxySvc,N/A,N/A,"When scanned the following changes were detected:\n\n   state changed from ""stopped"" to ""running""\n\nAfter the change the Service had the following attributes:\n\n   Permissions: D:(A;;CCDCLCSWRPWPDTLOCRSDRCWDWO;;;SY)(A;;CCDCLCSWRPWPDTLOCRSDRCWDWO;;;BA)(A;;CCLCSWRPLOCRRC;;;AU)(A;;CCLCSWRPLOCRRC;;;IU)(A;;CCLCSWRPLOCRRC;;;SU)(A;;LCRPLO;;;AC)S:(AU;FA;CCDCLCSWRPWPDTLOCRSDRCWDWO;;;WD)\n   resetFailCountAfter: 86400000\n   secondFailure: 0,None\n   startType: manual\n   state: running\n   subsequentFailures: 0,None\n   binaryPathName: C:\\Windows\\system32\\svchost.exe -k LocalService\n   dependsOn: Dhcp\n   firstFailure: 0,Restart\n   Group: NT AUTHORITY\\SYSTEM\n   logOnAs: NT AUTHORITY\\LocalService\n   Owner: NT AUTHORITY\\SYSTEM\n"
8,685,Host ID,172.20.0.20,Primary,0,updated,WinHttpAutoProxySvc,N/A,N/A,"When scanned the following changes were detected:\n\n   state changed from ""running"" to ""stopped""\n\nAfter the change the Service had the following attributes:\n\n   binaryPathName: C:\\Windows\\system32\\svchost.exe -k LocalService\n   dependsOn: Dhcp\n   firstFailure: 0,Restart\n   Group: NT AUTHORITY\\SYSTEM\n   logOnAs: NT AUTHORITY\\LocalService\n   Owner: NT AUTHORITY\\SYSTEM\n   Permissions: D:(A;;CCDCLCSWRPWPDTLOCRSDRCWDWO;;;SY)(A;;CCDCLCSWRPWPDTLOCRSDRCWDWO;;;BA)(A;;CCLCSWRPLOCRRC;;;AU)(A;;CCLCSWRPLOCRRC;;;IU)(A;;CCLCSWRPLOCRRC;;;SU)(A;;LCRPLO;;;AC)S:(AU;FA;CCDCLCSWRPWPDTLOCRSDRCWDWO;;;WD)\n   resetFailCountAfter: 86400000\n   secondFailure: 0,None\n   startType: manual\n   state: stopped\n   subsequentFailures: 0,None\n"
9,685,Host ID,172.20.0.20,Primary,0,updated,WinHttpAutoProxySvc,N/A,N/A,"When scanned the following changes were detected:\n\n   state changed from ""stopped"" to ""running""\n\nAfter the change the Service had the following attributes:\n\n   binaryPathName: C:\\Windows\\system32\\svchost.exe -k LocalService\n   dependsOn: Dhcp\n   firstFailure: 0,Restart\n   Group: NT AUTHORITY\\SYSTEM\n   logOnAs: NT AUTHORITY\\LocalService\n   Owner: NT AUTHORITY\\SYSTEM\n   Permissions: D:(A;;CCDCLCSWRPWPDTLOCRSDRCWDWO;;;SY)(A;;CCDCLCSWRPWPDTLOCRSDRCWDWO;;;BA)(A;;CCLCSWRPLOCRRC;;;AU)(A;;CCLCSWRPLOCRRC;;;IU)(A;;CCLCSWRPLOCRRC;;;SU)(A;;LCRPLO;;;AC)S:(AU;FA;CCDCLCSWRPWPDTLOCRSDRCWDWO;;;WD)\n   resetFailCountAfter: 86400000\n   secondFailure: 0,None\n   startType: manual\n   state: running\n   subsequentFailures: 0,None\n"
10,685,Host ID,172.20.0.20,Primary,0,updated,WinHttpAutoProxySvc,N/A,N/A,"When scanned the following changes were detected:\n\n   state changed from ""running"" to ""stopped""\n\nAfter the change the Service had the following attributes:\n\n   binaryPathName: C:\\Windows\\system32\\svchost.exe -k LocalService\n   dependsOn: Dhcp\n   firstFailure: 0,Restart\n   Group: NT AUTHORITY\\SYSTEM\n   logOnAs: NT AUTHORITY\\LocalService\n   Owner: NT AUTHORITY\\SYSTEM\n   Permissions: D:(A;;CCDCLCSWRPWPDTLOCRSDRCWDWO;;;SY)(A;;CCDCLCSWRPWPDTLOCRSDRCWDWO;;;BA)(A;;CCLCSWRPLOCRRC;;;AU)(A;;CCLCSWRPLOCRRC;;;IU)(A;;CCLCSWRPLOCRRC;;;SU)(A;;LCRPLO;;;AC)S:(AU;FA;CCDCLCSWRPWPDTLOCRSDRCWDWO;;;WD)\n   resetFailCountAfter: 86400000\n   secondFailure: 0,None\n   startType: manual\n   state: stopped\n   subsequentFailures: 0,None\n"
11,685,Host ID,172.20.0.20,Primary,0,updated,WinHttpAutoProxySvc,N/A,N/A,"When scanned the following changes were detected:\n\n   state changed from ""stopped"" to ""running""\n\nAfter the change the Service had the following attributes:\n\n   binaryPathName: C:\\Windows\\system32\\svchost.exe -k LocalService\n   dependsOn: Dhcp\n   firstFailure: 0,Restart\n   Group: NT AUTHORITY\\SYSTEM\n   logOnAs: NT AUTHORITY\\LocalService\n   Owner: NT AUTHORITY\\SYSTEM\n   Permissions: D:(A;;CCDCLCSWRPWPDTLOCRSDRCWDWO;;;SY)(A;;CCDCLCSWRPWPDTLOCRSDRCWDWO;;;BA)(A;;CCLCSWRPLOCRRC;;;AU)(A;;CCLCSWRPLOCRRC;;;IU)(A;;CCLCSWRPLOCRRC;;;SU)(A;;LCRPLO;;;AC)S:(AU;FA;CCDCLCSWRPWPDTLOCRSDRCWDWO;;;WD)\n   resetFailCountAfter: 86400000\n   secondFailure: 0,None\n   startType: manual\n   state: running\n   subsequentFailures: 0,None\n"
12,685,Host ID,172.20.0.20,Primary,0,updated,c:\\windows\\system32\\tasks\\microsoft\\windows\\softwareprotectionplatform\\svcrestarttask,NT AUTHORITY\SYSTEM NT AUTHORITY\NETWORK SERVICE,C:\\Windows\\system32\\svchost.exe,"When scanned the following changes were detected:\n\n   Last Modified changed from ""August 4, 2021 16:09:31"" to ""August 5, 2021 09:22:34""\n   SHA-1 changed from ""441F63A829E546DE801B025A034805134DBBB732"" to ""D06FF34B142BBC81BC4CD22BDC9B6477C86004DB""\n\nAfter the change the File had the following attributes:\n\n   Created: August 22, 2013 20:40:20\n   Flags: 0\n   Group: NT AUTHORITY\\SYSTEM\n   Last Modified: August 5, 2021 09:22:34\n   Owner: NT AUTHORITY\\SYSTEM\n   Permissions: D:PARAI(A;;FA;;;SY)(A;;FA;;;BA)(A;;FA;;;S-1-5-80-123231216-2592883651-3715271367-3753151631-4175906628)(A;;FR;;;S-1-5-87-2912274048-3994893941-1669128114-1310430903-1263774323)(A;;FR;;;NS)\n   SHA-1: D06FF34B142BBC81BC4CD22BDC9B6477C86004DB\n   Size: 4680\n"
13,685,Host ID,172.20.0.20,Primary,0,updated,c:\\windows\\system32\\tasks\\optimize start menu cache files-s-1-5-21-1266428993-2899273040-1413466038-1175,mhanif@ismailindustries.com NT AUTHORITY\SYSTEM,C:\\Windows\\system32\\svchost.exe,"When scanned the following changes were detected:\n\n   Last Modified changed from ""July 16, 2021 16:00:04"" to ""August 5, 2021 09:26:59""\n   SHA-1 changed from ""D71422692D6C3FD018BC5C3E36BDF37DE2E6A176"" to ""DB32D07DC2A79965857F5CACFDCF3D9B4966FE04""\n   Size changed from ""3600"" to ""3598""\n\nAfter the change the File had the following attributes:\n\n   Created: November 22, 2019 18:15:07\n   Flags: 0\n   Group: ISMAILINDUSTRIE\\Domain Users\n   Last Modified: August 5, 2021 09:26:59\n   Owner: mhanif@ismailindustries.com\n   Permissions: D:PARAI(A;;FA;;;BA)(A;;FA;;;SY)(A;;FA;;;S-1-5-21-1266428993-2899273040-1413466038-1175)(A;;FR;;;S-1-5-21-1266428993-2899273040-1413466038-1175)\n   SHA-1: DB32D07DC2A79965857F5CACFDCF3D9B4966FE04\n   Size: 3598\n"
14,685,Host ID,172.20.0.20,Primary,0,created,anaeem,N/A,N/A,No description is available.
15,685,Host ID,172.20.0.20,Primary,0,created,ebintory,N/A,N/A,No description is available.
16,685,Host ID,172.20.0.20,Primary,0,created,ahsheraz,N/A,N/A,No description is available.
17,685,Host ID,172.20.0.20,Primary,0,updated,c:\\windows\\system32\\tasks\\microsoft\\windows\\windowsupdate\\auscheduledinstall,NT AUTHORITY\SYSTEM,C:\\Windows\\system32\\svchost.exe,"When scanned the following changes were detected:\n\n   Last Modified changed from ""July 25, 2021 19:19:24"" to ""August 5, 2021 10:01:20""\n\nAfter the change the File had the following attributes:\n\n   Created: August 22, 2013 20:40:14\n   Flags: 0\n   Group: S-1-5-21-1903268029-2347705814-775326603-513\n   Last Modified: August 5, 2021 10:01:20\n   Owner: BUILTIN\\Administrators\n   Permissions: D:ARAI(A;;FA;;;SY)(A;;0x1200a9;;;LS)(A;;FA;;;BA)(A;;FR;;;SY)(A;ID;0x1f019f;;;BA)(A;ID;0x1f019f;;;SY)(A;ID;FR;;;AU)(A;ID;FR;;;LS)(A;ID;FR;;;NS)(A;ID;FA;;;BA)\n   SHA-1: 8886DF71ECB07321E77E8FB8BA82CCD9C97D9EC6\n   Size: 3392\n"
18,685,Host ID,172.20.0.20,Primary,0,updated,c:\\windows\\system32\\tasks\\microsoft\\windows\\windowsupdate\\ausessionconnect,NT AUTHORITY\SYSTEM,C:\\Windows\\system32\\svchost.exe,"When scanned the following changes were detected:\n\n   Last Modified changed from ""July 25, 2021 19:19:24"" to ""August 5, 2021 10:01:20""\n\nAfter the change the File had the following attributes:\n\n   Created: August 22, 2013 20:40:14\n   Flags: 0\n   Group: S-1-5-21-1903268029-2347705814-775326603-513\n   Last Modified: August 5, 2021 10:01:20\n   Owner: BUILTIN\\Administrators\n   Permissions: D:ARAI(A;;FA;;;SY)(A;;0x1200a9;;;LS)(A;;FA;;;BA)(A;;FR;;;SY)(A;ID;0x1f019f;;;BA)(A;ID;0x1f019f;;;SY)(A;ID;FR;;;AU)(A;ID;FR;;;LS)(A;ID;FR;;;NS)(A;ID;FA;;;BA)\n   SHA-1: 4A74ECE002DFD2B69C9ED183A7DCA19F06AF244F\n   Size: 4992\n"
19,685,Host ID,172.20.0.20,Primary,0,updated,c:\\windows\\system32\\tasks\\microsoft\\windows\\windowsupdate\\scheduled start,NT AUTHORITY\SYSTEM,C:\\Windows\\system32\\svchost.exe,"When scanned the following changes were detected:\n\n   Last Modified changed from ""July 25, 2021 19:19:25"" to ""August 5, 2021 10:01:20""\n   SHA-1 changed from ""C3956A7B45ADEF8128A08B042559BAB4A6BED4F9"" to ""5C692D08906EDCB66A03F74184DF4241BB5B0745""\n\nAfter the change the File had the following attributes:\n\n   Created: August 22, 2013 20:40:14\n   Flags: 0\n   Group: S-1-5-21-1903268029-2347705814-775326603-513\n   Last Modified: August 5, 2021 10:01:20\n   Owner: BUILTIN\\Administrators\n   Permissions: D:ARAI(A;;FA;;;SY)(A;;0x1200a9;;;LS)(A;;FA;;;BA)(A;;FR;;;SY)(A;ID;0x1f019f;;;BA)(A;ID;0x1f019f;;;SY)(A;ID;FR;;;AU)(A;ID;FR;;;LS)(A;ID;FR;;;NS)(A;ID;FA;;;BA)\n   SHA-1: 5C692D08906EDCB66A03F74184DF4241BB5B0745\n   Size: 4904\n"
20,685,Host ID,172.20.0.20,Primary,0,updated,c:\\windows\\system32\\tasks\\microsoft\\windows\\windowsupdate\\scheduled start with network,NT AUTHORITY\SYSTEM,C:\\Windows\\system32\\svchost.exe,"When scanned the following changes were detected:\n\n   Last Modified changed from ""July 25, 2021 19:19:24"" to ""August 5, 2021 10:01:20""\n   SHA-1 changed from ""CAE846C9C0D3BAFD5141CA58FAB0A4F6A382F805"" to ""B916F9356EB53BFF17C1934BE05E917C7DAE30C9""\n\nAfter the change the File had the following attributes:\n\n   Created: September 15, 2017 17:02:00\n   Flags: 0\n   Group: S-1-5-21-1903268029-2347705814-775326603-513\n   Last Modified: August 5, 2021 10:01:20\n   Owner: BUILTIN\\Administrators\n   Permissions: D:ARAI(A;;FA;;;SY)(A;;0x1200a9;;;LS)(A;;FA;;;BA)(A;;FR;;;SY)(A;ID;0x1f019f;;;BA)(A;ID;0x1f019f;;;SY)(A;ID;FR;;;AU)(A;ID;FR;;;LS)(A;ID;FR;;;NS)(A;ID;FA;;;BA)\n   SHA-1: B916F9356EB53BFF17C1934BE05E917C7DAE30C9\n   Size: 4902\n"
21,685,Host ID,172.20.0.20,Primary,0,updated,c:\\windows\\system32\\tasks\\microsoft\\windows\\windowsupdate\\auscheduledinstall,NT AUTHORITY\SYSTEM,C:\\Windows\\system32\\svchost.exe,"When scanned the following changes were detected:\n\n   Last Modified changed from ""August 5, 2021 10:01:20"" to ""August 5, 2021 10:15:01""\n\nAfter the change the File had the following attributes:\n\n   Created: August 22, 2013 20:40:14\n   Flags: 0\n   Group: S-1-5-21-1903268029-2347705814-775326603-513\n   Last Modified: August 5, 2021 10:15:01\n   Owner: BUILTIN\\Administrators\n   Permissions: D:ARAI(A;;FA;;;SY)(A;;0x1200a9;;;LS)(A;;FA;;;BA)(A;;FR;;;SY)(A;ID;0x1f019f;;;BA)(A;ID;0x1f019f;;;SY)(A;ID;FR;;;AU)(A;ID;FR;;;LS)(A;ID;FR;;;NS)(A;ID;FA;;;BA)\n   SHA-1: 8886DF71ECB07321E77E8FB8BA82CCD9C97D9EC6\n   Size: 3392\n"
22,685,Host ID,172.20.0.20,Primary,0,updated,c:\\windows\\system32\\tasks\\microsoft\\windows\\windowsupdate\\ausessionconnect,NT AUTHORITY\SYSTEM,C:\\Windows\\system32\\svchost.exe,"When scanned the following changes were detected:\n\n   Last Modified changed from ""August 5, 2021 10:01:20"" to ""August 5, 2021 10:15:01""\n\nAfter the change the File had the following attributes:\n\n   Created: August 22, 2013 20:40:14\n   Flags: 0\n   Group: S-1-5-21-1903268029-2347705814-775326603-513\n   Last Modified: August 5, 2021 10:15:01\n   Owner: BUILTIN\\Administrators\n   Permissions: D:ARAI(A;;FA;;;SY)(A;;0x1200a9;;;LS)(A;;FA;;;BA)(A;;FR;;;SY)(A;ID;0x1f019f;;;BA)(A;ID;0x1f019f;;;SY)(A;ID;FR;;;AU)(A;ID;FR;;;LS)(A;ID;FR;;;NS)(A;ID;FA;;;BA)\n   SHA-1: 4A74ECE002DFD2B69C9ED183A7DCA19F06AF244F\n   Size: 4992\n"
23,685,Host ID,172.20.0.20,Primary,0,updated,c:\\windows\\system32\\tasks\\microsoft\\windows\\windowsupdate\\scheduled start,NT AUTHORITY\SYSTEM,C:\\Windows\\system32\\svchost.exe,"When scanned the following changes were detected:\n\n   Last Modified changed from ""August 5, 2021 10:01:20"" to ""August 5, 2021 10:15:01""\n\nAfter the change the File had the following attributes:\n\n   Created: August 22, 2013 20:40:14\n   Flags: 0\n   Group: S-1-5-21-1903268029-2347705814-775326603-513\n   Last Modified: August 5, 2021 10:15:01\n   Owner: BUILTIN\\Administrators\n   Permissions: D:ARAI(A;;FA;;;SY)(A;;0x1200a9;;;LS)(A;;FA;;;BA)(A;;FR;;;SY)(A;ID;0x1f019f;;;BA)(A;ID;0x1f019f;;;SY)(A;ID;FR;;;AU)(A;ID;FR;;;LS)(A;ID;FR;;;NS)(A;ID;FA;;;BA)\n   SHA-1: 5C692D08906EDCB66A03F74184DF4241BB5B0745\n   Size: 4904\n"
24,685,Host ID,172.20.0.20,Primary,0,updated,c:\\windows\\system32\\tasks\\microsoft\\windows\\windowsupdate\\scheduled start with network,NT AUTHORITY\SYSTEM,C:\\Windows\\system32\\svchost.exe,"When scanned the following changes were detected:\n\n   Last Modified changed from ""August 5, 2021 10:01:20"" to ""August 5, 2021 10:15:01""\n\nAfter the change the File had the following attributes:\n\n   Created: September 15, 2017 17:02:00\n   Flags: 0\n   Group: S-1-5-21-1903268029-2347705814-775326603-513\n   Last Modified: August 5, 2021 10:15:01\n   Owner: BUILTIN\\Administrators\n   Permissions: D:ARAI(A;;FA;;;SY)(A;;0x1200a9;;;LS)(A;;FA;;;BA)(A;;FR;;;SY)(A;ID;0x1f019f;;;BA)(A;ID;0x1f019f;;;SY)(A;ID;FR;;;AU)(A;ID;FR;;;LS)(A;ID;FR;;;NS)(A;ID;FA;;;BA)\n   SHA-1: B916F9356EB53BFF17C1934BE05E917C7DAE30C9\n   Size: 4902\n"
25,685,Host ID,172.20.0.20,Primary,0,updated,c:\\windows\\system32\\tasks\\microsoft\\windows\\windowsupdate\\auscheduledinstall,NT AUTHORITY\SYSTEM,C:\\Windows\\system32\\svchost.exe,"When scanned the following changes were detected:\n\n   Last Modified changed from ""August 5, 2021 10:15:01"" to ""August 5, 2021 10:25:04""\n\nAfter the change the File had the following attributes:\n\n   Created: August 22, 2013 20:40:14\n   Flags: 0\n   Group: S-1-5-21-1903268029-2347705814-775326603-513\n   Last Modified: August 5, 2021 10:25:04\n   Owner: BUILTIN\\Administrators\n   Permissions: D:ARAI(A;;FA;;;SY)(A;;0x1200a9;;;LS)(A;;FA;;;BA)(A;;FR;;;SY)(A;ID;0x1f019f;;;BA)(A;ID;0x1f019f;;;SY)(A;ID;FR;;;AU)(A;ID;FR;;;LS)(A;ID;FR;;;NS)(A;ID;FA;;;BA)\n   SHA-1: 8886DF71ECB07321E77E8FB8BA82CCD9C97D9EC6\n   Size: 3392\n"
26,685,Host ID,172.20.0.20,Primary,0,updated,c:\\windows\\system32\\tasks\\microsoft\\windows\\windowsupdate\\ausessionconnect,NT AUTHORITY\SYSTEM,C:\\Windows\\system32\\svchost.exe,"When scanned the following changes were detected:\n\n   Last Modified changed from ""August 5, 2021 10:15:01"" to ""August 5, 2021 10:25:04""\n\nAfter the change the File had the following attributes:\n\n   Created: August 22, 2013 20:40:14\n   Flags: 0\n   Group: S-1-5-21-1903268029-2347705814-775326603-513\n   Last Modified: August 5, 2021 10:25:04\n   Owner: BUILTIN\\Administrators\n   Permissions: D:ARAI(A;;FA;;;SY)(A;;0x1200a9;;;LS)(A;;FA;;;BA)(A;;FR;;;SY)(A;ID;0x1f019f;;;BA)(A;ID;0x1f019f;;;SY)(A;ID;FR;;;AU)(A;ID;FR;;;LS)(A;ID;FR;;;NS)(A;ID;FA;;;BA)\n   SHA-1: 4A74ECE002DFD2B69C9ED183A7DCA19F06AF244F\n   Size: 4992\n"
27,685,Host ID,172.20.0.20,Primary,0,updated,c:\\windows\\system32\\tasks\\microsoft\\windows\\windowsupdate\\scheduled start,NT AUTHORITY\SYSTEM,C:\\Windows\\system32\\svchost.exe,"When scanned the following changes were detected:\n\n   Last Modified changed from ""August 5, 2021 10:15:01"" to ""August 5, 2021 10:25:04""\n\nAfter the change the File had the following attributes:\n\n   Created: August 22, 2013 20:40:14\n   Flags: 0\n   Group: S-1-5-21-1903268029-2347705814-775326603-513\n   Last Modified: August 5, 2021 10:25:04\n   Owner: BUILTIN\\Administrators\n   Permissions: D:ARAI(A;;FA;;;SY)(A;;0x1200a9;;;LS)(A;;FA;;;BA)(A;;FR;;;SY)(A;ID;0x1f019f;;;BA)(A;ID;0x1f019f;;;SY)(A;ID;FR;;;AU)(A;ID;FR;;;LS)(A;ID;FR;;;NS)(A;ID;FA;;;BA)\n   SHA-1: 5C692D08906EDCB66A03F74184DF4241BB5B0745\n   Size: 4904\n"
28,685,Host ID,172.20.0.20,Primary,0,updated,c:\\windows\\system32\\tasks\\microsoft\\windows\\windowsupdate\\scheduled start with network,NT AUTHORITY\SYSTEM,C:\\Windows\\system32\\svchost.exe,"When scanned the following changes were detected:\n\n   Last Modified changed from ""August 5, 2021 10:15:01"" to ""August 5, 2021 10:25:04""\n\nAfter the change the File had the following attributes:\n\n   SHA-1: B916F9356EB53BFF17C1934BE05E917C7DAE30C9\n   Size: 4902\n   Created: September 15, 2017 17:02:00\n   Flags: 0\n   Group: S-1-5-21-1903268029-2347705814-775326603-513\n   Last Modified: August 5, 2021 10:25:04\n   Owner: BUILTIN\\Administrators\n   Permissions: D:ARAI(A;;FA;;;SY)(A;;0x1200a9;;;LS)(A;;FA;;;BA)(A;;FR;;;SY)(A;ID;0x1f019f;;;BA)(A;ID;0x1f019f;;;SY)(A;ID;FR;;;AU)(A;ID;FR;;;LS)(A;ID;FR;;;NS)(A;ID;FA;;;BA)\n"
29,685,Host ID,172.20.0.20,Primary,0,updated,c:\\windows\\system32\\tasks\\microsoft\\windows\\windowsupdate\\auscheduledinstall,NT AUTHORITY\SYSTEM,C:\\Windows\\system32\\svchost.exe,"When scanned the following changes were detected:\n\n   Last Modified changed from ""August 5, 2021 10:25:04"" to ""August 5, 2021 10:35:08""\n\nAfter the change the File had the following attributes:\n\n   Created: August 22, 2013 20:40:14\n   Flags: 0\n   Group: S-1-5-21-1903268029-2347705814-775326603-513\n   Last Modified: August 5, 2021 10:35:08\n   Owner: BUILTIN\\Administrators\n   Permissions: D:ARAI(A;;FA;;;SY)(A;;0x1200a9;;;LS)(A;;FA;;;BA)(A;;FR;;;SY)(A;ID;0x1f019f;;;BA)(A;ID;0x1f019f;;;SY)(A;ID;FR;;;AU)(A;ID;FR;;;LS)(A;ID;FR;;;NS)(A;ID;FA;;;BA)\n   SHA-1: 8886DF71ECB07321E77E8FB8BA82CCD9C97D9EC6\n   Size: 3392\n"
30,685,Host ID,172.20.0.20,Primary,0,updated,c:\\windows\\system32\\tasks\\microsoft\\windows\\windowsupdate\\ausessionconnect,NT AUTHORITY\SYSTEM,C:\\Windows\\system32\\svchost.exe,"When scanned the following changes were detected:\n\n   Last Modified changed from ""August 5, 2021 10:25:04"" to ""August 5, 2021 10:35:08""\n\nAfter the change the File had the following attributes:\n\n   Created: August 22, 2013 20:40:14\n   Flags: 0\n   Group: S-1-5-21-1903268029-2347705814-775326603-513\n   Last Modified: August 5, 2021 10:35:08\n   Owner: BUILTIN\\Administrators\n   Permissions: D:ARAI(A;;FA;;;SY)(A;;0x1200a9;;;LS)(A;;FA;;;BA)(A;;FR;;;SY)(A;ID;0x1f019f;;;BA)(A;ID;0x1f019f;;;SY)(A;ID;FR;;;AU)(A;ID;FR;;;LS)(A;ID;FR;;;NS)(A;ID;FA;;;BA)\n   SHA-1: 4A74ECE002DFD2B69C9ED183A7DCA19F06AF244F\n   Size: 4992\n"
31,685,Host ID,172.20.0.20,Primary,0,updated,c:\\windows\\system32\\tasks\\microsoft\\windows\\windowsupdate\\scheduled start,NT AUTHORITY\SYSTEM,C:\\Windows\\system32\\svchost.exe,"When scanned the following changes were detected:\n\n   Last Modified changed from ""August 5, 2021 10:25:04"" to ""August 5, 2021 10:35:08""\n\nAfter the change the File had the following attributes:\n\n   Created: August 22, 2013 20:40:14\n   Flags: 0\n   Group: S-1-5-21-1903268029-2347705814-775326603-513\n   Last Modified: August 5, 2021 10:35:08\n   Owner: BUILTIN\\Administrators\n   Permissions: D:ARAI(A;;FA;;;SY)(A;;0x1200a9;;;LS)(A;;FA;;;BA)(A;;FR;;;SY)(A;ID;0x1f019f;;;BA)(A;ID;0x1f019f;;;SY)(A;ID;FR;;;AU)(A;ID;FR;;;LS)(A;ID;FR;;;NS)(A;ID;FA;;;BA)\n   SHA-1: 5C692D08906EDCB66A03F74184DF4241BB5B0745\n   Size: 4904\n"
32,685,Host ID,172.20.0.20,Primary,0,updated,c:\\windows\\system32\\tasks\\microsoft\\windows\\windowsupdate\\scheduled start with network,NT AUTHORITY\SYSTEM,C:\\Windows\\system32\\svchost.exe,"When scanned the following changes were detected:\n\n   Last Modified changed from ""August 5, 2021 10:25:04"" to ""August 5, 2021 10:35:08""\n\nAfter the change the File had the following attributes:\n\n   Created: September 15, 2017 17:02:00\n   Flags: 0\n   Group: S-1-5-21-1903268029-2347705814-775326603-513\n   Last Modified: August 5, 2021 10:35:08\n   Owner: BUILTIN\\Administrators\n   Permissions: D:ARAI(A;;FA;;;SY)(A;;0x1200a9;;;LS)(A;;FA;;;BA)(A;;FR;;;SY)(A;ID;0x1f019f;;;BA)(A;ID;0x1f019f;;;SY)(A;ID;FR;;;AU)(A;ID;FR;;;LS)(A;ID;FR;;;NS)(A;ID;FA;;;BA)\n   SHA-1: B916F9356EB53BFF17C1934BE05E917C7DAE30C9\n   Size: 4902\n"
33,685,Host ID,172.20.0.20,Primary,0,updated,c:\\windows\\system32\\tasks\\microsoft\\windows\\windowsupdate\\auscheduledinstall,NT AUTHORITY\SYSTEM,C:\\Windows\\system32\\svchost.exe,"When scanned the following changes were detected:\n\n   Last Modified changed from ""August 5, 2021 10:35:08"" to ""August 5, 2021 10:45:11""\n\nAfter the change the File had the following attributes:\n\n   Created: August 22, 2013 20:40:14\n   Flags: 0\n   Group: S-1-5-21-1903268029-2347705814-775326603-513\n   Last Modified: August 5, 2021 10:45:11\n   Owner: BUILTIN\\Administrators\n   Permissions: D:ARAI(A;;FA;;;SY)(A;;0x1200a9;;;LS)(A;;FA;;;BA)(A;;FR;;;SY)(A;ID;0x1f019f;;;BA)(A;ID;0x1f019f;;;SY)(A;ID;FR;;;AU)(A;ID;FR;;;LS)(A;ID;FR;;;NS)(A;ID;FA;;;BA)\n   SHA-1: 8886DF71ECB07321E77E8FB8BA82CCD9C97D9EC6\n   Size: 3392\n"
34,685,Host ID,172.20.0.20,Primary,0,updated,c:\\windows\\system32\\tasks\\microsoft\\windows\\windowsupdate\\ausessionconnect,NT AUTHORITY\SYSTEM,C:\\Windows\\system32\\svchost.exe,"When scanned the following changes were detected:\n\n   Last Modified changed from ""August 5, 2021 10:35:08"" to ""August 5, 2021 10:45:11""\n\nAfter the change the File had the following attributes:\n\n   Created: August 22, 2013 20:40:14\n   Flags: 0\n   Group: S-1-5-21-1903268029-2347705814-775326603-513\n   Last Modified: August 5, 2021 10:45:11\n   Owner: BUILTIN\\Administrators\n   Permissions: D:ARAI(A;;FA;;;SY)(A;;0x1200a9;;;LS)(A;;FA;;;BA)(A;;FR;;;SY)(A;ID;0x1f019f;;;BA)(A;ID;0x1f019f;;;SY)(A;ID;FR;;;AU)(A;ID;FR;;;LS)(A;ID;FR;;;NS)(A;ID;FA;;;BA)\n   SHA-1: 4A74ECE002DFD2B69C9ED183A7DCA19F06AF244F\n   Size: 4992\n"
35,685,Host ID,172.20.0.20,Primary,0,updated,c:\\windows\\system32\\tasks\\microsoft\\windows\\windowsupdate\\scheduled start,NT AUTHORITY\SYSTEM,C:\\Windows\\system32\\svchost.exe,"When scanned the following changes were detected:\n\n   Last Modified changed from ""August 5, 2021 10:35:08"" to ""August 5, 2021 10:45:11""\n\nAfter the change the File had the following attributes:\n\n   Created: August 22, 2013 20:40:14\n   Flags: 0\n   Group: S-1-5-21-1903268029-2347705814-775326603-513\n   Last Modified: August 5, 2021 10:45:11\n   Owner: BUILTIN\\Administrators\n   Permissions: D:ARAI(A;;FA;;;SY)(A;;0x1200a9;;;LS)(A;;FA;;;BA)(A;;FR;;;SY)(A;ID;0x1f019f;;;BA)(A;ID;0x1f019f;;;SY)(A;ID;FR;;;AU)(A;ID;FR;;;LS)(A;ID;FR;;;NS)(A;ID;FA;;;BA)\n   SHA-1: 5C692D08906EDCB66A03F74184DF4241BB5B0745\n   Size: 4904\n"
36,685,Host ID,172.20.0.20,Primary,0,updated,c:\\windows\\system32\\tasks\\microsoft\\windows\\windowsupdate\\scheduled start with network,NT AUTHORITY\SYSTEM,C:\\Windows\\system32\\svchost.exe,"When scanned the following changes were detected:\n\n   Last Modified changed from ""August 5, 2021 10:35:08"" to ""August 5, 2021 10:45:11""\n\nAfter the change the File had the following attributes:\n\n   Created: September 15, 2017 17:02:00\n   Flags: 0\n   Group: S-1-5-21-1903268029-2347705814-775326603-513\n   Last Modified: August 5, 2021 10:45:11\n   Owner: BUILTIN\\Administrators\n   Permissions: D:ARAI(A;;FA;;;SY)(A;;0x1200a9;;;LS)(A;;FA;;;BA)(A;;FR;;;SY)(A;ID;0x1f019f;;;BA)(A;ID;0x1f019f;;;SY)(A;ID;FR;;;AU)(A;ID;FR;;;LS)(A;ID;FR;;;NS)(A;ID;FA;;;BA)\n   SHA-1: B916F9356EB53BFF17C1934BE05E917C7DAE30C9\n   Size: 4902\n"
37,685,Host ID,172.20.0.20,Primary,0,updated,c:\\windows\\system32\\tasks\\microsoft\\windows\\windowsupdate\\auscheduledinstall,NT AUTHORITY\SYSTEM,C:\\Windows\\system32\\svchost.exe,"When scanned the following changes were detected:\n\n   Last Modified changed from ""August 5, 2021 10:45:11"" to ""August 5, 2021 11:00:13""\n\nAfter the change the File had the following attributes:\n\n   Created: August 22, 2013 20:40:14\n   Flags: 0\n   Group: S-1-5-21-1903268029-2347705814-775326603-513\n   Last Modified: August 5, 2021 11:00:13\n   Owner: BUILTIN\\Administrators\n   Permissions: D:ARAI(A;;FA;;;SY)(A;;0x1200a9;;;LS)(A;;FA;;;BA)(A;;FR;;;SY)(A;ID;0x1f019f;;;BA)(A;ID;0x1f019f;;;SY)(A;ID;FR;;;AU)(A;ID;FR;;;LS)(A;ID;FR;;;NS)(A;ID;FA;;;BA)\n   SHA-1: 8886DF71ECB07321E77E8FB8BA82CCD9C97D9EC6\n   Size: 3392\n"
38,685,Host ID,172.20.0.20,Primary,0,updated,c:\\windows\\system32\\tasks\\microsoft\\windows\\windowsupdate\\ausessionconnect,NT AUTHORITY\SYSTEM,C:\\Windows\\system32\\svchost.exe,"When scanned the following changes were detected:\n\n   Last Modified changed from ""August 5, 2021 10:45:11"" to ""August 5, 2021 11:00:13""\n\nAfter the change the File had the following attributes:\n\n   Created: August 22, 2013 20:40:14\n   Flags: 0\n   Group: S-1-5-21-1903268029-2347705814-775326603-513\n   Last Modified: August 5, 2021 11:00:13\n   Owner: BUILTIN\\Administrators\n   Permissions: D:ARAI(A;;FA;;;SY)(A;;0x1200a9;;;LS)(A;;FA;;;BA)(A;;FR;;;SY)(A;ID;0x1f019f;;;BA)(A;ID;0x1f019f;;;SY)(A;ID;FR;;;AU)(A;ID;FR;;;LS)(A;ID;FR;;;NS)(A;ID;FA;;;BA)\n   SHA-1: 4A74ECE002DFD2B69C9ED183A7DCA19F06AF244F\n   Size: 4992\n"
39,685,Host ID,172.20.0.20,Primary,0,updated,c:\\windows\\system32\\tasks\\microsoft\\windows\\windowsupdate\\scheduled start,NT AUTHORITY\SYSTEM,C:\\Windows\\system32\\svchost.exe,"When scanned the following changes were detected:\n\n   Last Modified changed from ""August 5, 2021 10:45:11"" to ""August 5, 2021 11:00:13""\n\nAfter the change the File had the following attributes:\n\n   Created: August 22, 2013 20:40:14\n   Flags: 0\n   Group: S-1-5-21-1903268029-2347705814-775326603-513\n   Last Modified: August 5, 2021 11:00:13\n   Owner: BUILTIN\\Administrators\n   Permissions: D:ARAI(A;;FA;;;SY)(A;;0x1200a9;;;LS)(A;;FA;;;BA)(A;;FR;;;SY)(A;ID;0x1f019f;;;BA)(A;ID;0x1f019f;;;SY)(A;ID;FR;;;AU)(A;ID;FR;;;LS)(A;ID;FR;;;NS)(A;ID;FA;;;BA)\n   SHA-1: 5C692D08906EDCB66A03F74184DF4241BB5B0745\n   Size: 4904\n"
40,685,Host ID,172.20.0.20,Primary,0,updated,c:\\windows\\system32\\tasks\\microsoft\\windows\\windowsupdate\\scheduled start with network,NT AUTHORITY\SYSTEM,C:\\Windows\\system32\\svchost.exe,"When scanned the following changes were detected:\n\n   Last Modified changed from ""August 5, 2021 10:45:11"" to ""August 5, 2021 11:00:13""\n\nAfter the change the File had the following attributes:\n\n   Created: September 15, 2017 17:02:00\n   Flags: 0\n   Group: S-1-5-21-1903268029-2347705814-775326603-513\n   Last Modified: August 5, 2021 11:00:13\n   Owner: BUILTIN\\Administrators\n   Permissions: D:ARAI(A;;FA;;;SY)(A;;0x1200a9;;;LS)(A;;FA;;;BA)(A;;FR;;;SY)(A;ID;0x1f019f;;;BA)(A;ID;0x1f019f;;;SY)(A;ID;FR;;;AU)(A;ID;FR;;;LS)(A;ID;FR;;;NS)(A;ID;FA;;;BA)\n   SHA-1: B916F9356EB53BFF17C1934BE05E917C7DAE30C9\n   Size: 4902\n"
41,685,Host ID,172.20.0.20,Primary,0,updated,c:\\windows\\system32\\tasks\\microsoft\\windows\\windowsupdate\\auscheduledinstall,NT AUTHORITY\SYSTEM,C:\\Windows\\system32\\svchost.exe,"When scanned the following changes were detected:\n\n   Last Modified changed from ""August 5, 2021 11:00:13"" to ""August 5, 2021 11:10:17""\n\nAfter the change the File had the following attributes:\n\n   Created: August 22, 2013 20:40:14\n   Flags: 0\n   Group: S-1-5-21-1903268029-2347705814-775326603-513\n   Last Modified: August 5, 2021 11:10:17\n   Owner: BUILTIN\\Administrators\n   Permissions: D:ARAI(A;;FA;;;SY)(A;;0x1200a9;;;LS)(A;;FA;;;BA)(A;;FR;;;SY)(A;ID;0x1f019f;;;BA)(A;ID;0x1f019f;;;SY)(A;ID;FR;;;AU)(A;ID;FR;;;LS)(A;ID;FR;;;NS)(A;ID;FA;;;BA)\n   SHA-1: 8886DF71ECB07321E77E8FB8BA82CCD9C97D9EC6\n   Size: 3392\n"
42,685,Host ID,172.20.0.20,Primary,0,updated,c:\\windows\\system32\\tasks\\microsoft\\windows\\windowsupdate\\ausessionconnect,NT AUTHORITY\SYSTEM,C:\\Windows\\system32\\svchost.exe,"When scanned the following changes were detected:\n\n   Last Modified changed from ""August 5, 2021 11:00:13"" to ""August 5, 2021 11:10:17""\n\nAfter the change the File had the following attributes:\n\n   Created: August 22, 2013 20:40:14\n   Flags: 0\n   Group: S-1-5-21-1903268029-2347705814-775326603-513\n   Last Modified: August 5, 2021 11:10:17\n   Owner: BUILTIN\\Administrators\n   Permissions: D:ARAI(A;;FA;;;SY)(A;;0x1200a9;;;LS)(A;;FA;;;BA)(A;;FR;;;SY)(A;ID;0x1f019f;;;BA)(A;ID;0x1f019f;;;SY)(A;ID;FR;;;AU)(A;ID;FR;;;LS)(A;ID;FR;;;NS)(A;ID;FA;;;BA)\n   SHA-1: 4A74ECE002DFD2B69C9ED183A7DCA19F06AF244F\n   Size: 4992\n"
43,685,Host ID,172.20.0.20,Primary,0,updated,c:\\windows\\system32\\tasks\\microsoft\\windows\\windowsupdate\\scheduled start,NT AUTHORITY\SYSTEM,C:\\Windows\\system32\\svchost.exe,"When scanned the following changes were detected:\n\n   Last Modified changed from ""August 5, 2021 11:00:13"" to ""August 5, 2021 11:10:17""\n\nAfter the change the File had the following attributes:\n\n   Created: August 22, 2013 20:40:14\n   Flags: 0\n   Group: S-1-5-21-1903268029-2347705814-775326603-513\n   Last Modified: August 5, 2021 11:10:17\n   Owner: BUILTIN\\Administrators\n   Permissions: D:ARAI(A;;FA;;;SY)(A;;0x1200a9;;;LS)(A;;FA;;;BA)(A;;FR;;;SY)(A;ID;0x1f019f;;;BA)(A;ID;0x1f019f;;;SY)(A;ID;FR;;;AU)(A;ID;FR;;;LS)(A;ID;FR;;;NS)(A;ID;FA;;;BA)\n   SHA-1: 5C692D08906EDCB66A03F74184DF4241BB5B0745\n   Size: 4904\n"
44,685,Host ID,172.20.0.20,Primary,0,updated,c:\\windows\\system32\\tasks\\microsoft\\windows\\windowsupdate\\scheduled start with network,NT AUTHORITY\SYSTEM,C:\\Windows\\system32\\svchost.exe,"When scanned the following changes were detected:\n\n   Last Modified changed from ""August 5, 2021 11:00:13"" to ""August 5, 2021 11:10:17""\n\nAfter the change the File had the following attributes:\n\n   Created: September 15, 2017 17:02:00\n   Flags: 0\n   Group: S-1-5-21-1903268029-2347705814-775326603-513\n   Last Modified: August 5, 2021 11:10:17\n   Owner: BUILTIN\\Administrators\n   Permissions: D:ARAI(A;;FA;;;SY)(A;;0x1200a9;;;LS)(A;;FA;;;BA)(A;;FR;;;SY)(A;ID;0x1f019f;;;BA)(A;ID;0x1f019f;;;SY)(A;ID;FR;;;AU)(A;ID;FR;;;LS)(A;ID;FR;;;NS)(A;ID;FA;;;BA)\n   SHA-1: B916F9356EB53BFF17C1934BE05E917C7DAE30C9\n   Size: 4902\n"
45,685,Host ID,172.20.0.20,Primary,0,updated,c:\\windows\\system32\\tasks\\microsoft\\windows\\windowsupdate\\auscheduledinstall,NT AUTHORITY\SYSTEM,C:\\Windows\\system32\\svchost.exe,"When scanned the following changes were detected:\n\n   Last Modified changed from ""August 5, 2021 11:10:17"" to ""August 5, 2021 11:20:20""\n\nAfter the change the File had the following attributes:\n\n   Created: August 22, 2013 20:40:14\n   Flags: 0\n   Group: S-1-5-21-1903268029-2347705814-775326603-513\n   Last Modified: August 5, 2021 11:20:20\n   Owner: BUILTIN\\Administrators\n   Permissions: D:ARAI(A;;FA;;;SY)(A;;0x1200a9;;;LS)(A;;FA;;;BA)(A;;FR;;;SY)(A;ID;0x1f019f;;;BA)(A;ID;0x1f019f;;;SY)(A;ID;FR;;;AU)(A;ID;FR;;;LS)(A;ID;FR;;;NS)(A;ID;FA;;;BA)\n   SHA-1: 8886DF71ECB07321E77E8FB8BA82CCD9C97D9EC6\n   Size: 3392\n"
46,685,Host ID,172.20.0.20,Primary,0,updated,c:\\windows\\system32\\tasks\\microsoft\\windows\\windowsupdate\\ausessionconnect,NT AUTHORITY\SYSTEM,C:\\Windows\\system32\\svchost.exe,"When scanned the following changes were detected:\n\n   Last Modified changed from ""August 5, 2021 11:10:17"" to ""August 5, 2021 11:20:20""\n\nAfter the change the File had the following attributes:\n\n   Created: August 22, 2013 20:40:14\n   Flags: 0\n   Group: S-1-5-21-1903268029-2347705814-775326603-513\n   Last Modified: August 5, 2021 11:20:20\n   Owner: BUILTIN\\Administrators\n   Permissions: D:ARAI(A;;FA;;;SY)(A;;0x1200a9;;;LS)(A;;FA;;;BA)(A;;FR;;;SY)(A;ID;0x1f019f;;;BA)(A;ID;0x1f019f;;;SY)(A;ID;FR;;;AU)(A;ID;FR;;;LS)(A;ID;FR;;;NS)(A;ID;FA;;;BA)\n   SHA-1: 4A74ECE002DFD2B69C9ED183A7DCA19F06AF244F\n   Size: 4992\n"
47,685,Host ID,172.20.0.20,Primary,0,updated,c:\\windows\\system32\\tasks\\microsoft\\windows\\windowsupdate\\scheduled start,NT AUTHORITY\SYSTEM,C:\\Windows\\system32\\svchost.exe,"When scanned the following changes were detected:\n\n   Last Modified changed from ""August 5, 2021 11:10:17"" to ""August 5, 2021 11:20:20""\n\nAfter the change the File had the following attributes:\n\n   Created: August 22, 2013 20:40:14\n   Flags: 0\n   Group: S-1-5-21-1903268029-2347705814-775326603-513\n   Last Modified: August 5, 2021 11:20:20\n   Owner: BUILTIN\\Administrators\n   Permissions: D:ARAI(A;;FA;;;SY)(A;;0x1200a9;;;LS)(A;;FA;;;BA)(A;;FR;;;SY)(A;ID;0x1f019f;;;BA)(A;ID;0x1f019f;;;SY)(A;ID;FR;;;AU)(A;ID;FR;;;LS)(A;ID;FR;;;NS)(A;ID;FA;;;BA)\n   SHA-1: 5C692D08906EDCB66A03F74184DF4241BB5B0745\n   Size: 4904\n"
48,685,Host ID,172.20.0.20,Primary,0,updated,c:\\windows\\system32\\tasks\\microsoft\\windows\\windowsupdate\\scheduled start with network,NT AUTHORITY\SYSTEM,C:\\Windows\\system32\\svchost.exe,"When scanned the following changes were detected:\n\n   Last Modified changed from ""August 5, 2021 11:10:17"" to ""August 5, 2021 11:20:20""\n\nAfter the change the File had the following attributes:\n\n   Created: September 15, 2017 17:02:00\n   Flags: 0\n   Group: S-1-5-21-1903268029-2347705814-775326603-513\n   Last Modified: August 5, 2021 11:20:20\n   Owner: BUILTIN\\Administrators\n   Permissions: D:ARAI(A;;FA;;;SY)(A;;0x1200a9;;;LS)(A;;FA;;;BA)(A;;FR;;;SY)(A;ID;0x1f019f;;;BA)(A;ID;0x1f019f;;;SY)(A;ID;FR;;;AU)(A;ID;FR;;;LS)(A;ID;FR;;;NS)(A;ID;FA;;;BA)\n   SHA-1: B916F9356EB53BFF17C1934BE05E917C7DAE30C9\n   Size: 4902\n"
49,685,Host ID,172.20.0.20,Primary,0,updated,c:\\windows\\system32\\tasks\\microsoft\\windows\\windowsupdate\\auscheduledinstall,NT AUTHORITY\SYSTEM,C:\\Windows\\system32\\svchost.exe,"When scanned the following changes were detected:\n\n   Last Modified changed from ""August 5, 2021 11:20:20"" to ""August 5, 2021 11:35:23""\n\nAfter the change the File had the following attributes:\n\n   Created: August 22, 2013 20:40:14\n   Flags: 0\n   Group: S-1-5-21-1903268029-2347705814-775326603-513\n   Last Modified: August 5, 2021 11:35:23\n   Owner: BUILTIN\\Administrators\n   Permissions: D:ARAI(A;;FA;;;SY)(A;;0x1200a9;;;LS)(A;;FA;;;BA)(A;;FR;;;SY)(A;ID;0x1f019f;;;BA)(A;ID;0x1f019f;;;SY)(A;ID;FR;;;AU)(A;ID;FR;;;LS)(A;ID;FR;;;NS)(A;ID;FA;;;BA)\n   SHA-1: 8886DF71ECB07321E77E8FB8BA82CCD9C97D9EC6\n   Size: 3392\n"
50,685,Host ID,172.20.0.20,Primary,0,updated,c:\\windows\\system32\\tasks\\microsoft\\windows\\windowsupdate\\ausessionconnect,NT AUTHORITY\SYSTEM,C:\\Windows\\system32\\svchost.exe,"When scanned the following changes were detected:\n\n   Last Modified changed from ""August 5, 2021 11:20:20"" to ""August 5, 2021 11:35:23""\n\nAfter the change the File had the following attributes:\n\n   Created: August 22, 2013 20:40:14\n   Flags: 0\n   Group: S-1-5-21-1903268029-2347705814-775326603-513\n   Last Modified: August 5, 2021 11:35:23\n   Owner: BUILTIN\\Administrators\n   Permissions: D:ARAI(A;;FA;;;SY)(A;;0x1200a9;;;LS)(A;;FA;;;BA)(A;;FR;;;SY)(A;ID;0x1f019f;;;BA)(A;ID;0x1f019f;;;SY)(A;ID;FR;;;AU)(A;ID;FR;;;LS)(A;ID;FR;;;NS)(A;ID;FA;;;BA)\n   SHA-1: 4A74ECE002DFD2B69C9ED183A7DCA19F06AF244F\n   Size: 4992\n"
51,685,Host ID,172.20.0.20,Primary,0,updated,c:\\windows\\system32\\tasks\\microsoft\\windows\\windowsupdate\\scheduled start,NT AUTHORITY\SYSTEM,C:\\Windows\\system32\\svchost.exe,"When scanned the following changes were detected:\n\n   Last Modified changed from ""August 5, 2021 11:20:20"" to ""August 5, 2021 11:35:23""\n\nAfter the change the File had the following attributes:\n\n   Created: August 22, 2013 20:40:14\n   Flags: 0\n   Group: S-1-5-21-1903268029-2347705814-775326603-513\n   Last Modified: August 5, 2021 11:35:23\n   Owner: BUILTIN\\Administrators\n   Permissions: D:ARAI(A;;FA;;;SY)(A;;0x1200a9;;;LS)(A;;FA;;;BA)(A;;FR;;;SY)(A;ID;0x1f019f;;;BA)(A;ID;0x1f019f;;;SY)(A;ID;FR;;;AU)(A;ID;FR;;;LS)(A;ID;FR;;;NS)(A;ID;FA;;;BA)\n   SHA-1: 5C692D08906EDCB66A03F74184DF4241BB5B0745\n   Size: 4904\n"
52,685,Host ID,172.20.0.20,Primary,0,updated,c:\\windows\\system32\\tasks\\microsoft\\windows\\windowsupdate\\scheduled start with network,NT AUTHORITY\SYSTEM,C:\\Windows\\system32\\svchost.exe,"When scanned the following changes were detected:\n\n   Last Modified changed from ""August 5, 2021 11:20:20"" to ""August 5, 2021 11:35:23""\n\nAfter the change the File had the following attributes:\n\n   Created: September 15, 2017 17:02:00\n   Flags: 0\n   Group: S-1-5-21-1903268029-2347705814-775326603-513\n   Last Modified: August 5, 2021 11:35:23\n   Owner: BUILTIN\\Administrators\n   Permissions: D:ARAI(A;;FA;;;SY)(A;;0x1200a9;;;LS)(A;;FA;;;BA)(A;;FR;;;SY)(A;ID;0x1f019f;;;BA)(A;ID;0x1f019f;;;SY)(A;ID;FR;;;AU)(A;ID;FR;;;LS)(A;ID;FR;;;NS)(A;ID;FA;;;BA)\n   SHA-1: B916F9356EB53BFF17C1934BE05E917C7DAE30C9\n   Size: 4902\n"
53,685,Host ID,172.20.0.20,Primary,0,updated,c:\\windows\\system32\\tasks\\microsoft\\windows\\softwareprotectionplatform\\svcrestarttask,NT AUTHORITY\SYSTEM NT AUTHORITY\NETWORK SERVICE,C:\\Windows\\system32\\svchost.exe,"When scanned the following changes were detected:\n\n   Last Modified changed from ""August 5, 2021 09:22:34"" to ""August 5, 2021 11:53:58""\n   SHA-1 changed from ""D06FF34B142BBC81BC4CD22BDC9B6477C86004DB"" to ""236B999CF29DA99217A9A3AC24B2AEF22064B5D5""\n\nAfter the change the File had the following attributes:\n\n   Created: August 22, 2013 20:40:20\n   Flags: 0\n   Group: NT AUTHORITY\\SYSTEM\n   Last Modified: August 5, 2021 11:53:58\n   Owner: NT AUTHORITY\\SYSTEM\n   Permissions: D:PARAI(A;;FA;;;SY)(A;;FA;;;BA)(A;;FA;;;S-1-5-80-123231216-2592883651-3715271367-3753151631-4175906628)(A;;FR;;;S-1-5-87-2912274048-3994893941-1669128114-1310430903-1263774323)(A;;FR;;;NS)\n   SHA-1: 236B999CF29DA99217A9A3AC24B2AEF22064B5D5\n   Size: 4680\n"
54,685,Host ID,172.20.0.20,Primary,0,updated,c:\\windows\\system32\\tasks\\microsoft\\windows\\softwareprotectionplatform\\svcrestarttask,NT AUTHORITY\SYSTEM NT AUTHORITY\NETWORK SERVICE,C:\\Windows\\system32\\svchost.exe,"When scanned the following changes were detected:\n\n   Last Modified changed from ""August 5, 2021 11:53:58"" to ""August 5, 2021 12:14:04""\n   SHA-1 changed from ""236B999CF29DA99217A9A3AC24B2AEF22064B5D5"" to ""17659C308626FE62F47C86330D953CA7FB296918""\n\nAfter the change the File had the following attributes:\n\n   Created: August 22, 2013 20:40:20\n   Flags: 0\n   Group: NT AUTHORITY\\SYSTEM\n   Last Modified: August 5, 2021 12:14:04\n   Owner: NT AUTHORITY\\SYSTEM\n   Permissions: D:PARAI(A;;FA;;;SY)(A;;FA;;;BA)(A;;FA;;;S-1-5-80-123231216-2592883651-3715271367-3753151631-4175906628)(A;;FR;;;S-1-5-87-2912274048-3994893941-1669128114-1310430903-1263774323)(A;;FR;;;NS)\n   SHA-1: 17659C308626FE62F47C86330D953CA7FB296918\n   Size: 4680\n"
55,685,Host ID,172.20.0.20,Primary,0,updated,c:\\windows\\system32\\tasks\\microsoft\\windows\\softwareprotectionplatform\\svcrestarttask,NT AUTHORITY\SYSTEM NT AUTHORITY\NETWORK SERVICE,C:\\Windows\\system32\\svchost.exe,"When scanned the following changes were detected:\n\n   Last Modified changed from ""August 5, 2021 12:14:04"" to ""August 5, 2021 14:03:43""\n   SHA-1 changed from ""17659C308626FE62F47C86330D953CA7FB296918"" to ""67F0F8DEF9F74849DB6678328B5B495AA0B54C83""\n\nAfter the change the File had the following attributes:\n\n   Created: August 22, 2013 20:40:20\n   Flags: 0\n   Group: NT AUTHORITY\\SYSTEM\n   Last Modified: August 5, 2021 14:03:43\n   Owner: NT AUTHORITY\\SYSTEM\n   Permissions: D:PARAI(A;;FA;;;SY)(A;;FA;;;BA)(A;;FA;;;S-1-5-80-123231216-2592883651-3715271367-3753151631-4175906628)(A;;FR;;;S-1-5-87-2912274048-3994893941-1669128114-1310430903-1263774323)(A;;FR;;;NS)\n   SHA-1: 67F0F8DEF9F74849DB6678328B5B495AA0B54C83\n   Size: 4680\n"
56,685,Host ID,172.20.0.20,Primary,0,updated,RemoteRegistry,N/A,N/A,"When scanned the following changes were detected:\n\n   state changed from ""stopped"" to ""running""\n\nAfter the change the Service had the following attributes:\n\n   binaryPathName: C:\\Windows\\system32\\svchost.exe -k localService\n   dependsOn: RPCSS\n   firstFailure: 60000,Restart\n   Group: NT AUTHORITY\\SYSTEM\n   logOnAs: NT AUTHORITY\\LocalService\n   Owner: NT AUTHORITY\\SYSTEM\n   Permissions: D:(A;;CCLCSWRPWPDTLOCRRC;;;SY)(A;;CCDCLCSWRPWPDTLOCRSDRCWDWO;;;BA)(A;;CCLCSWLOCRRC;;;IU)(A;;CCLCSWLOCRRC;;;SU)(A;;CCDCLCSWRPWPDTLOCRSDRCWDWO;;;SO)S:(AU;FA;CCDCLCSWRPWPDTLOCRSDRCWDWO;;;WD)\n   resetFailCountAfter: 86400\n   secondFailure: 60000,Restart\n   startType: manual\n   state: running\n   subsequentFailures: 0,None\n"
57,685,Host ID,172.20.0.20,Primary,0,updated,c:\\windows\\system32\\tasks\\optimize start menu cache files-s-1-5-21-1266428993-2899273040-1413466038-1175,mhanif@ismailindustries.com NT AUTHORITY\SYSTEM,C:\\Windows\\system32\\svchost.exe,"When scanned the following changes were detected:\n\n   Last Modified changed from ""August 5, 2021 09:26:59"" to ""August 5, 2021 14:08:13""\n\nAfter the change the File had the following attributes:\n\n   Created: November 22, 2019 18:15:07\n   Flags: 0\n   Group: ISMAILINDUSTRIE\\Domain Users\n   Last Modified: August 5, 2021 14:08:13\n   Owner: mhanif@ismailindustries.com\n   Permissions: D:PARAI(A;;FA;;;BA)(A;;FA;;;SY)(A;;FA;;;S-1-5-21-1266428993-2899273040-1413466038-1175)(A;;FR;;;S-1-5-21-1266428993-2899273040-1413466038-1175)\n   SHA-1: DB32D07DC2A79965857F5CACFDCF3D9B4966FE04\n   Size: 3598\n"
58,685,Host ID,172.20.0.20,Primary,0,updated,RemoteRegistry,N/A,N/A,"When scanned the following changes were detected:\n\n   state changed from ""running"" to ""stopped""\n\nAfter the change the Service had the following attributes:\n\n   binaryPathName: C:\\Windows\\system32\\svchost.exe -k localService\n   dependsOn: RPCSS\n   firstFailure: 60000,Restart\n   Group: NT AUTHORITY\\SYSTEM\n   logOnAs: NT AUTHORITY\\LocalService\n   Owner: NT AUTHORITY\\SYSTEM\n   Permissions: D:(A;;CCLCSWRPWPDTLOCRRC;;;SY)(A;;CCDCLCSWRPWPDTLOCRSDRCWDWO;;;BA)(A;;CCLCSWLOCRRC;;;IU)(A;;CCLCSWLOCRRC;;;SU)(A;;CCDCLCSWRPWPDTLOCRSDRCWDWO;;;SO)S:(AU;FA;CCDCLCSWRPWPDTLOCRSDRCWDWO;;;WD)\n   resetFailCountAfter: 86400\n   secondFailure: 60000,Restart\n   startType: manual\n   state: stopped\n   subsequentFailures: 0,None\n"
59,685,Host ID,172.20.0.20,Primary,0,updated,c:\\windows\\system32\\tasks\\microsoft\\windows\\softwareprotectionplatform\\svcrestarttask,NT AUTHORITY\SYSTEM NT AUTHORITY\NETWORK SERVICE,C:\\Windows\\system32\\svchost.exe,"When scanned the following changes were detected:\n\n   Last Modified changed from ""August 5, 2021 14:03:43"" to ""August 5, 2021 15:17:50""\n   SHA-1 changed from ""67F0F8DEF9F74849DB6678328B5B495AA0B54C83"" to ""455D481BC35359850BFE57BC5D185AAED34D85C9""\n\nAfter the change the File had the following attributes:\n\n   Created: August 22, 2013 20:40:20\n   Flags: 0\n   Group: NT AUTHORITY\\SYSTEM\n   Last Modified: August 5, 2021 15:17:50\n   Owner: NT AUTHORITY\\SYSTEM\n   Permissions: D:PARAI(A;;FA;;;SY)(A;;FA;;;BA)(A;;FA;;;S-1-5-80-123231216-2592883651-3715271367-3753151631-4175906628)(A;;FR;;;S-1-5-87-2912274048-3994893941-1669128114-1310430903-1263774323)(A;;FR;;;NS)\n   SHA-1: 455D481BC35359850BFE57BC5D185AAED34D85C9\n   Size: 4680\n"
60,685,Host ID,172.20.0.20,Primary,0,updated,c:\\windows\\system32\\tasks\\optimize start menu cache files-s-1-5-21-1266428993-2899273040-1413466038-1175,mhanif@ismailindustries.com NT AUTHORITY\SYSTEM,C:\\Windows\\system32\\svchost.exe,"When scanned the following changes were detected:\n\n   Last Modified changed from ""August 5, 2021 14:08:13"" to ""August 5, 2021 15:22:19""\n\nAfter the change the File had the following attributes:\n\n   Created: November 22, 2019 18:15:07\n   Flags: 0\n   Group: ISMAILINDUSTRIE\\Domain Users\n   Last Modified: August 5, 2021 15:22:19\n   Owner: mhanif@ismailindustries.com\n   Permissions: D:PARAI(A;;FA;;;BA)(A;;FA;;;SY)(A;;FA;;;S-1-5-21-1266428993-2899273040-1413466038-1175)(A;;FR;;;S-1-5-21-1266428993-2899273040-1413466038-1175)\n   SHA-1: DB32D07DC2A79965857F5CACFDCF3D9B4966FE04\n   Size: 3598\n"
